rimg1406.jpg|2736x3648
cache/rimg1406_overview_grid.jpg|90x120
rimg1407.jpg|2736x3648
cache/rimg1407_overview_grid.jpg|90x120
rimg1408.jpg|2736x3648
cache/rimg1408_overview_grid.jpg|90x120
cache/rimg1408_photopage_large.jpg|764x1019
rimg1409.jpg|2736x3648
cache/rimg1409_overview_grid.jpg|90x120
rimg1410.jpg|3648x2736
cache/rimg1410_overview_grid.jpg|160x120
rimg1411.jpg|2736x3648
cache/rimg1411_overview_grid.jpg|90x120
rimg1412.jpg|2736x3648
cache/rimg1412_overview_grid.jpg|90x120
rimg1413.jpg|3648x2736
cache/rimg1413_overview_grid.jpg|160x120
rimg1415.jpg|2736x3648
cache/rimg1415_overview_grid.jpg|90x120
rimg1416.jpg|2736x3648
cache/rimg1416_overview_grid.jpg|90x120
dsc_0110.jpg|2896x1944
cache/dsc_0110_overview_grid.jpg|179x120
dsc_0111.jpg|2896x1944
cache/dsc_0111_overview_grid.jpg|179x120
cache/dsc_0111_photopage_large.jpg|764x513
rimg1418.jpg|3648x2736
cache/rimg1418_overview_grid.jpg|160x120
rimg1419.jpg|2736x3648
cache/rimg1419_overview_grid.jpg|90x120
rimg1421.jpg|3648x2736
cache/rimg1421_overview_grid.jpg|160x120
rimg1422.jpg|2736x3648
cache/rimg1422_overview_grid.jpg|90x120
cache/rimg1422_photopage_large.jpg|764x1019
rimg1423.jpg|3648x2736
cache/rimg1423_overview_grid.jpg|160x120
dsc_0115.jpg|2896x1944
cache/dsc_0115_overview_grid.jpg|179x120
cache/dsc_0115_photopage_large.jpg|764x513
dsc_0116.jpg|1944x2896
cache/dsc_0116_overview_grid.jpg|81x120
dsc_0120.jpg|2896x1944
cache/dsc_0120_overview_grid.jpg|179x120
dsc_0121.jpg|2896x1944
cache/dsc_0121_overview_grid.jpg|179x120
dsc_0122.jpg|2896x1944
cache/dsc_0122_overview_grid.jpg|179x120
dsc_0123.jpg|2896x1944
cache/dsc_0123_overview_grid.jpg|179x120
cache/dsc_0123_photopage_large.jpg|764x513
dsc_0134.jpg|2896x1944
cache/dsc_0134_overview_grid.jpg|179x120
dsc_0135.jpg|2896x1944
cache/dsc_0135_overview_grid.jpg|179x120
dsc_0136.jpg|1944x2896
cache/dsc_0136_overview_grid.jpg|81x120
dsc_0143.jpg|2896x1944
cache/dsc_0143_overview_grid.jpg|179x120
cache/dsc_0143_photopage_large.jpg|764x513
rimg1424.jpg|2736x3648
cache/rimg1424_overview_grid.jpg|90x120
cache/rimg1424_photopage_large.jpg|764x1019
rimg1425.jpg|3648x2736
cache/rimg1425_overview_grid.jpg|160x120
cache/rimg1425_photopage_large.jpg|764x573
rimg1426.jpg|2736x3648
cache/rimg1426_overview_grid.jpg|90x120
rimg1427.jpg|3648x2736
cache/rimg1427_overview_grid.jpg|160x120
rimg1428.jpg|3648x2736
cache/rimg1428_overview_grid.jpg|160x120
cache/rimg1428_photopage_large.jpg|764x573
rimg1429.jpg|2736x3648
cache/rimg1429_overview_grid.jpg|90x120
rimg1430.jpg|3648x2736
cache/rimg1430_overview_grid.jpg|160x120
rimg1431.jpg|3648x2736
cache/rimg1431_overview_grid.jpg|160x120
rimg1432.jpg|3648x2736
cache/rimg1432_overview_grid.jpg|160x120
rimg1433.jpg|3648x2736
cache/rimg1433_overview_grid.jpg|160x120
rimg1434.jpg|3648x2736
cache/rimg1434_overview_grid.jpg|160x120
cache/rimg1434_photopage_large.jpg|764x573
rimg1435.jpg|3648x2736
cache/rimg1435_overview_grid.jpg|160x120
cache/rimg1435_photopage_large.jpg|764x573
rimg1436.jpg|2736x3648
cache/rimg1436_overview_grid.jpg|90x120
rimg1437.jpg|3648x2736
cache/rimg1437_overview_grid.jpg|160x120
cache/rimg1437_photopage_large.jpg|764x573
rimg1438.jpg|3648x2736
cache/rimg1438_overview_grid.jpg|160x120
cache/rimg1438_photopage_large.jpg|764x573
rimg1439.jpg|3648x2736
cache/rimg1439_overview_grid.jpg|160x120
cache/rimg1439_photopage_large.jpg|764x573
rimg1440.jpg|3648x2736
cache/rimg1440_overview_grid.jpg|160x120
rimg1441.jpg|2736x3648
cache/rimg1441_overview_grid.jpg|90x120
rimg1442.jpg|3648x2736
cache/rimg1442_overview_grid.jpg|160x120
cache/rimg1442_photopage_large.jpg|764x573
rimg1443.jpg|2736x3648
cache/rimg1443_overview_grid.jpg|90x120
rimg1444.jpg|2736x3648
cache/rimg1444_overview_grid.jpg|90x120
rimg1445.jpg|2736x3648
cache/rimg1445_overview_grid.jpg|90x120
rimg1446.jpg|2736x3648
cache/rimg1446_overview_grid.jpg|90x120
rimg1447.jpg|2736x3648
cache/rimg1447_overview_grid.jpg|90x120
cache/rimg1447_photopage_large.jpg|764x1019
rimg1448.jpg|3648x2736
cache/rimg1448_overview_grid.jpg|160x120
rimg1449.jpg|2736x3648
cache/rimg1449_overview_grid.jpg|90x120
rimg1450.jpg|3648x2736
cache/rimg1450_overview_grid.jpg|160x120
rimg1451.jpg|3648x2736
cache/rimg1451_overview_grid.jpg|160x120
rimg1452.jpg|2736x3648
cache/rimg1452_overview_grid.jpg|90x120
dsc_0108.jpg|2896x1944
cache/dsc_0108_overview_grid.jpg|179x120
cache/dsc_0108_photopage_large.jpg|764x513
dsc_0109.jpg|2896x1944
cache/dsc_0109_overview_grid.jpg|179x120
dsc_0112.jpg|2896x1944
cache/dsc_0112_overview_grid.jpg|179x120
cache/dsc_0112_photopage_large.jpg|764x513
dsc_0113.jpg|2896x1944
cache/dsc_0113_overview_grid.jpg|179x120
cache/dsc_0113_photopage_large.jpg|764x513
dsc_0114.jpg|2896x1944
cache/dsc_0114_overview_grid.jpg|179x120
dsc_0117.jpg|1944x2896
cache/dsc_0117_overview_grid.jpg|81x120
dsc_0124.jpg|2896x1944
cache/dsc_0124_overview_grid.jpg|179x120
cache/dsc_0124_photopage_large.jpg|764x513
dsc_0125.jpg|2896x1944
cache/dsc_0125_overview_grid.jpg|179x120
dsc_0126.jpg|2896x1944
cache/dsc_0126_overview_grid.jpg|179x120
cache/dsc_0126_photopage_large.jpg|764x513
dsc_0127.jpg|2896x1944
cache/dsc_0127_overview_grid.jpg|179x120
cache/dsc_0127_photopage_large.jpg|764x513
dsc_0128.jpg|2896x1944
cache/dsc_0128_overview_grid.jpg|179x120
cache/dsc_0128_photopage_large.jpg|764x513
dsc_0129.jpg|2896x1944
cache/dsc_0129_overview_grid.jpg|179x120
cache/dsc_0129_photopage_large.jpg|764x513
dsc_0130.jpg|2896x1944
cache/dsc_0130_overview_grid.jpg|179x120
dsc_0131.jpg|2896x1944
cache/dsc_0131_overview_grid.jpg|179x120
dsc_0132.jpg|2896x1944
cache/dsc_0132_overview_grid.jpg|179x120
cache/dsc_0132_photopage_large.jpg|764x513
dsc_0133.jpg|2896x1944
cache/dsc_0133_overview_grid.jpg|179x120
cache/dsc_0133_photopage_large.jpg|764x513
dsc_0137.jpg|2896x1944
cache/dsc_0137_overview_grid.jpg|179x120
dsc_0138.jpg|2896x1944
cache/dsc_0138_overview_grid.jpg|179x120
cache/dsc_0138_photopage_large.jpg|764x513
dsc_0139.jpg|2896x1944
cache/dsc_0139_overview_grid.jpg|179x120
dsc_0140.jpg|2896x1944
cache/dsc_0140_overview_grid.jpg|179x120
dsc_0141.jpg|2896x1944
cache/dsc_0141_overview_grid.jpg|179x120
cache/dsc_0141_photopage_large.jpg|764x513
dsc_0142.jpg|2896x1944
cache/dsc_0142_overview_grid.jpg|179x120
dsc_0144.jpg|1944x2896
cache/dsc_0144_overview_grid.jpg|81x120
dsc_0145.jpg|1944x2896
cache/dsc_0145_overview_grid.jpg|81x120
dsc_0146.jpg|2896x1944
cache/dsc_0146_overview_grid.jpg|179x120
cache/dsc_0146_photopage_large.jpg|764x513
dsc_0154.jpg|1944x2896
cache/dsc_0154_overview_grid.jpg|81x120
dsc_0162.jpg|2896x1944
cache/dsc_0162_overview_grid.jpg|179x120
dsc_0163.jpg|2896x1944
cache/dsc_0163_overview_grid.jpg|179x120
dsc_0164.jpg|2896x1944
cache/dsc_0164_overview_grid.jpg|179x120
rimg1453.jpg|3648x2736
cache/rimg1453_overview_grid.jpg|160x120
cache/rimg1453_photopage_large.jpg|764x573
rimg1454.jpg|2736x3648
cache/rimg1454_overview_grid.jpg|90x120
cache/rimg1454_photopage_large.jpg|764x1019
rimg1455.jpg|2736x3648
cache/rimg1455_overview_grid.jpg|90x120
rimg1456.jpg|3648x2736
cache/rimg1456_overview_grid.jpg|160x120
cache/rimg1456_photopage_large.jpg|764x573
rimg1457.jpg|2736x3648
cache/rimg1457_overview_grid.jpg|90x120
rimg1458.jpg|2736x3648
cache/rimg1458_overview_grid.jpg|90x120
rimg1459.jpg|3648x2736
cache/rimg1459_overview_grid.jpg|160x120
rimg1460.jpg|2736x3648
cache/rimg1460_overview_grid.jpg|90x120
rimg1461.jpg|2736x3648
cache/rimg1461_overview_grid.jpg|90x120
rimg1462.jpg|3648x2736
cache/rimg1462_overview_grid.jpg|160x120
rimg1463.jpg|2736x3648
cache/rimg1463_overview_grid.jpg|90x120
rimg1464.jpg|2736x3648
cache/rimg1464_overview_grid.jpg|90x120
rimg1465.jpg|2736x3648
cache/rimg1465_overview_grid.jpg|90x120
cache/rimg1465_photopage_large.jpg|764x1019
rimg1466.jpg|3648x2736
cache/rimg1466_overview_grid.jpg|160x120
cache/rimg1466_photopage_large.jpg|764x573
rimg1467.jpg|3648x2736
cache/rimg1467_overview_grid.jpg|160x120
cache/rimg1467_photopage_large.jpg|764x573
rimg1468.jpg|3648x2736
cache/rimg1468_overview_grid.jpg|160x120
cache/rimg1468_photopage_large.jpg|764x573
rimg1469.jpg|2736x3648
cache/rimg1469_overview_grid.jpg|90x120
rimg1470.jpg|3648x2736
cache/rimg1470_overview_grid.jpg|160x120
rimg1516.jpg|2736x3648
cache/rimg1516_overview_grid.jpg|90x120
rimg1517.jpg|2736x3648
cache/rimg1517_overview_grid.jpg|90x120
rimg1524.jpg|3648x2736
cache/rimg1524_overview_grid.jpg|160x120
rimg1525.jpg|3648x2736
cache/rimg1525_overview_grid.jpg|160x120
rimg1526.jpg|2736x3648
cache/rimg1526_overview_grid.jpg|90x120
rimg1527.jpg|3648x2736
cache/rimg1527_overview_grid.jpg|160x120
rimg1528.jpg|3648x2736
cache/rimg1528_overview_grid.jpg|160x120
cache/rimg1528_photopage_large.jpg|764x573
rimg1529.jpg|2736x3648
cache/rimg1529_overview_grid.jpg|90x120
rimg1530.jpg|2736x3648
cache/rimg1530_overview_grid.jpg|90x120
rimg1531.jpg|2736x3648
cache/rimg1531_overview_grid.jpg|90x120
dsc_0166.jpg|2896x1944
cache/dsc_0166_overview_grid.jpg|179x120
cache/dsc_0166_photopage_large.jpg|764x513
dsc_0167.jpg|1944x2896
cache/dsc_0167_overview_grid.jpg|81x120
dsc_0174.jpg|2896x1944
cache/dsc_0174_overview_grid.jpg|179x120
dsc_0175.jpg|2896x1944
cache/dsc_0175_overview_grid.jpg|179x120
cache/dsc_0175_photopage_large.jpg|764x513
dsc_0176.jpg|2896x1944
cache/dsc_0176_overview_grid.jpg|179x120
dsc_0177.jpg|1944x2896
cache/dsc_0177_overview_grid.jpg|81x120
cache/dsc_0177_photopage_large.jpg|764x1138
dsc_0178.jpg|1944x2896
cache/dsc_0178_overview_grid.jpg|81x120
dsc_0201.jpg|2896x1944
cache/dsc_0201_overview_grid.jpg|179x120
cache/dsc_0201_photopage_large.jpg|764x513
dsc_0202.jpg|2896x1944
cache/dsc_0202_overview_grid.jpg|179x120
dsc_0203.jpg|2896x1944
cache/dsc_0203_overview_grid.jpg|179x120
dsc_0204.jpg|2896x1944
cache/dsc_0204_overview_grid.jpg|179x120
dsc_0205.jpg|2896x1944
cache/dsc_0205_overview_grid.jpg|179x120
cache/dsc_0205_photopage_large.jpg|764x513
dsc_0206.jpg|2896x1944
cache/dsc_0206_overview_grid.jpg|179x120
dsc_0207.jpg|2896x1944
cache/dsc_0207_overview_grid.jpg|179x120
dsc_0208.jpg|2896x1944
cache/dsc_0208_overview_grid.jpg|179x120
cache/dsc_0208_photopage_large.jpg|764x513
dsc_0209.jpg|2896x1944
cache/dsc_0209_overview_grid.jpg|179x120
dsc_0210.jpg|2896x1944
cache/dsc_0210_overview_grid.jpg|179x120
dsc_0211.jpg|2896x1944
cache/dsc_0211_overview_grid.jpg|179x120
dsc_0212.jpg|2896x1944
cache/dsc_0212_overview_grid.jpg|179x120
dsc_0213.jpg|2896x1944
cache/dsc_0213_overview_grid.jpg|179x120
cache/dsc_0213_photopage_large.jpg|764x513
dsc_0214.jpg|2896x1944
cache/dsc_0214_overview_grid.jpg|179x120
dsc_0215.jpg|2896x1944
cache/dsc_0215_overview_grid.jpg|179x120
dsc_0216.jpg|2896x1944
cache/dsc_0216_overview_grid.jpg|179x120
dsc_0217.jpg|2896x1944
cache/dsc_0217_overview_grid.jpg|179x120
dsc_0218.jpg|2896x1944
cache/dsc_0218_overview_grid.jpg|179x120
dsc_0219.jpg|2896x1944
cache/dsc_0219_overview_grid.jpg|179x120
dsc_0220.jpg|2896x1944
cache/dsc_0220_overview_grid.jpg|179x120
dsc_0221.jpg|2896x1944
cache/dsc_0221_overview_grid.jpg|179x120
cache/dsc_0221_photopage_large.jpg|764x513
dsc_0222.jpg|2896x1944
cache/dsc_0222_overview_grid.jpg|179x120
dsc_0223.jpg|2896x1944
cache/dsc_0223_overview_grid.jpg|179x120
rimg1471.jpg|3648x2736
cache/rimg1471_overview_grid.jpg|160x120
rimg1472.jpg|2736x3648
cache/rimg1472_overview_grid.jpg|90x120
cache/rimg1472_photopage_large.jpg|764x1019
rimg1473.jpg|2736x3648
cache/rimg1473_overview_grid.jpg|90x120
rimg1474.jpg|2736x3648
cache/rimg1474_overview_grid.jpg|90x120
cache/rimg1474_photopage_large.jpg|764x1019
rimg1475.jpg|2736x3648
cache/rimg1475_overview_grid.jpg|90x120
rimg1476.jpg|3648x2736
cache/rimg1476_overview_grid.jpg|160x120
rimg1477.jpg|2736x3648
cache/rimg1477_overview_grid.jpg|90x120
cache/rimg1477_photopage_large.jpg|764x1019
rimg1478.jpg|2736x3648
cache/rimg1478_overview_grid.jpg|90x120
rimg1479.jpg|3648x2736
cache/rimg1479_overview_grid.jpg|160x120
rimg1480.jpg|3648x2736
cache/rimg1480_overview_grid.jpg|160x120
rimg1481.jpg|2736x3648
cache/rimg1481_overview_grid.jpg|90x120
rimg1482.jpg|3648x2736
cache/rimg1482_overview_grid.jpg|160x120
rimg1483.jpg|3648x2736
cache/rimg1483_overview_grid.jpg|160x120
rimg1484.jpg|3648x2736
cache/rimg1484_overview_grid.jpg|160x120
rimg1485.jpg|2736x3648
cache/rimg1485_overview_grid.jpg|90x120
rimg1486.jpg|3648x2736
cache/rimg1486_overview_grid.jpg|160x120
cache/rimg1486_photopage_large.jpg|764x573
rimg1487.jpg|2736x3648
cache/rimg1487_overview_grid.jpg|90x120
rimg1488.jpg|2736x3648
cache/rimg1488_overview_grid.jpg|90x120
cache/rimg1488_photopage_large.jpg|764x1019
rimg1489.jpg|2736x3648
cache/rimg1489_overview_grid.jpg|90x120
rimg1490.jpg|2736x3648
cache/rimg1490_overview_grid.jpg|90x120
rimg1491.jpg|3648x2736
cache/rimg1491_overview_grid.jpg|160x120
rimg1492.jpg|2736x3648
cache/rimg1492_overview_grid.jpg|90x120
rimg1493.jpg|3648x2736
cache/rimg1493_overview_grid.jpg|160x120
rimg1494.jpg|2736x3648
cache/rimg1494_overview_grid.jpg|90x120
rimg1495.jpg|3648x2736
cache/rimg1495_overview_grid.jpg|160x120
rimg1496.jpg|2736x3648
cache/rimg1496_overview_grid.jpg|90x120
rimg1497.jpg|2736x3648
cache/rimg1497_overview_grid.jpg|90x120
cache/rimg1497_photopage_large.jpg|764x1019
rimg1498.jpg|2736x3648
cache/rimg1498_overview_grid.jpg|90x120
rimg1499.jpg|2736x3648
cache/rimg1499_overview_grid.jpg|90x120
rimg1500.jpg|2736x3648
cache/rimg1500_overview_grid.jpg|90x120
rimg1501.jpg|2736x3648
cache/rimg1501_overview_grid.jpg|90x120
rimg1502.jpg|3648x2736
cache/rimg1502_overview_grid.jpg|160x120
cache/rimg1502_photopage_large.jpg|764x573
rimg1503.jpg|2736x3648
cache/rimg1503_overview_grid.jpg|90x120
cache/rimg1503_photopage_large.jpg|764x1019
rimg1504.jpg|2736x3648
cache/rimg1504_overview_grid.jpg|90x120
cache/rimg1504_photopage_large.jpg|764x1019
rimg1505.jpg|2736x3648
cache/rimg1505_overview_grid.jpg|90x120
rimg1506.jpg|3648x2736
cache/rimg1506_overview_grid.jpg|160x120
rimg1507.jpg|3648x2736
cache/rimg1507_overview_grid.jpg|160x120
cache/rimg1507_photopage_large.jpg|764x573
rimg1508.jpg|2736x3648
cache/rimg1508_overview_grid.jpg|90x120
rimg1509.jpg|2736x3648
cache/rimg1509_overview_grid.jpg|90x120
rimg1510.jpg|3648x2736
cache/rimg1510_overview_grid.jpg|160x120
rimg1511.jpg|3648x2736
cache/rimg1511_overview_grid.jpg|160x120
cache/rimg1511_photopage_large.jpg|764x573
rimg1512.jpg|3648x2736
cache/rimg1512_overview_grid.jpg|160x120
rimg1513.jpg|3648x2736
cache/rimg1513_overview_grid.jpg|160x120
rimg1514.jpg|3648x2736
cache/rimg1514_overview_grid.jpg|160x120
rimg1515.jpg|3648x2736
cache/rimg1515_overview_grid.jpg|160x120
dsc_0147.jpg|1944x2896
cache/dsc_0147_overview_grid.jpg|81x120
cache/dsc_0147_photopage_large.jpg|764x1138
dsc_0168.jpg|2896x1944
cache/dsc_0168_overview_grid.jpg|179x120
dsc_0169.jpg|2896x1944
cache/dsc_0169_overview_grid.jpg|179x120
dsc_0179.jpg|2896x1944
cache/dsc_0179_overview_grid.jpg|179x120
cache/dsc_0179_photopage_large.jpg|764x513
dsc_0180.jpg|2896x1944
cache/dsc_0180_overview_grid.jpg|179x120
dsc_0181.jpg|2896x1944
cache/dsc_0181_overview_grid.jpg|179x120
dsc_0182.jpg|2896x1944
cache/dsc_0182_overview_grid.jpg|179x120
cache/dsc_0182_photopage_large.jpg|764x513
dsc_0183.jpg|2896x1944
cache/dsc_0183_overview_grid.jpg|179x120
dsc_0184.jpg|2896x1944
cache/dsc_0184_overview_grid.jpg|179x120
dsc_0185.jpg|2896x1944
cache/dsc_0185_overview_grid.jpg|179x120
dsc_0186.jpg|2896x1944
cache/dsc_0186_overview_grid.jpg|179x120
dsc_0187.jpg|2896x1944
cache/dsc_0187_overview_grid.jpg|179x120
dsc_0189.jpg|2896x1944
cache/dsc_0189_overview_grid.jpg|179x120
dsc_0190.jpg|1944x2896
cache/dsc_0190_overview_grid.jpg|81x120
cache/dsc_0190_photopage_large.jpg|764x1138
dsc_0191.jpg|2896x1944
cache/dsc_0191_overview_grid.jpg|179x120
dsc_0192.jpg|1944x2896
cache/dsc_0192_overview_grid.jpg|81x120
cache/dsc_0192_photopage_large.jpg|764x1138
dsc_0193.jpg|2896x1944
cache/dsc_0193_overview_grid.jpg|179x120
dsc_0194.jpg|2896x1944
cache/dsc_0194_overview_grid.jpg|179x120
cache/dsc_0194_photopage_large.jpg|764x513
wonogiri dam 1.jpg|578x415
cache/wonogiri dam 1_overview_grid.jpg|167x120
cache/wonogiri dam 1_photopage_large.jpg|764x549
wonogiri dam 2.jpg|560x387
cache/wonogiri dam 2_overview_grid.jpg|174x120
cache/wonogiri dam 2_photopage_large.jpg|764x528
parangjoho dam 1.jpg|589x418
cache/parangjoho dam 1_overview_grid.jpg|169x120
cache/parangjoho dam 1_photopage_large.jpg|764x542
parangjoho dam 2.jpg|444x391
cache/parangjoho dam 2_overview_grid.jpg|136x120
song putri dam 1.jpg|560x402
cache/song putri dam 1_overview_grid.jpg|167x120
cache/song putri dam 1_photopage_large.jpg|764x548
sermo dam 1.jpg|578x439
cache/sermo dam 1_overview_grid.jpg|158x120
cache/sermo dam 1_photopage_large.jpg|764x580
sermo dam 2.jpg|531x407
cache/sermo dam 2_overview_grid.jpg|157x120
cache/sermo dam 2_photopage_large.jpg|764x586
dsc01711.jpg|3648x2736
cache/dsc01711_overview_grid.jpg|160x120
dsc01712.jpg|3648x2736
cache/dsc01712_overview_grid.jpg|160x120
dsc01713.jpg|3648x2736
cache/dsc01713_overview_grid.jpg|160x120
dsc01714.jpg|3648x2736
cache/dsc01714_overview_grid.jpg|160x120
dsc01715.jpg|3648x2736
cache/dsc01715_overview_grid.jpg|160x120
cache/dsc01715_photopage_large.jpg|764x573
dsc01716.jpg|3648x2736
cache/dsc01716_overview_grid.jpg|160x120
dsc01717.jpg|3648x2736
cache/dsc01717_overview_grid.jpg|160x120
dsc01718.jpg|3648x2736
cache/dsc01718_overview_grid.jpg|160x120
cache/dsc01718_photopage_large.jpg|764x573
dsc01719.jpg|3648x2736
cache/dsc01719_overview_grid.jpg|160x120
dsc01720.jpg|3648x2736
cache/dsc01720_overview_grid.jpg|160x120
dsc01754.jpg|3648x2736
cache/dsc01754_overview_grid.jpg|160x120
dsc01755.jpg|3648x2736
cache/dsc01755_overview_grid.jpg|160x120
cache/dsc01755_photopage_large.jpg|764x573
dsc01756.jpg|3648x2736
cache/dsc01756_overview_grid.jpg|160x120
cache/dsc01756_photopage_large.jpg|764x573
dsc01757.jpg|3648x2736
cache/dsc01757_overview_grid.jpg|160x120
cache/dsc01757_photopage_large.jpg|764x573
dsc01758.jpg|3648x2736
cache/dsc01758_overview_grid.jpg|160x120
dsc01759.jpg|3648x2736
cache/dsc01759_overview_grid.jpg|160x120
dsc01760.jpg|3648x2736
cache/dsc01760_overview_grid.jpg|160x120
dsc01761.jpg|3648x2736
cache/dsc01761_overview_grid.jpg|160x120
dsc01762.jpg|3648x2736
cache/dsc01762_overview_grid.jpg|160x120
dsc01763.jpg|3648x2736
cache/dsc01763_overview_grid.jpg|160x120
dsc01764.jpg|3648x2736
cache/dsc01764_overview_grid.jpg|160x120
dsc01765.jpg|3648x2736
cache/dsc01765_overview_grid.jpg|160x120
dsc01766.jpg|3648x2736
cache/dsc01766_overview_grid.jpg|160x120
dsc01767.jpg|3648x2736
cache/dsc01767_overview_grid.jpg|160x120
dsc01768.jpg|3648x2736
cache/dsc01768_overview_grid.jpg|160x120
dsc01769.jpg|3648x2736
cache/dsc01769_overview_grid.jpg|160x120
dsc01770.jpg|3648x2736
cache/dsc01770_overview_grid.jpg|160x120
dsc01771.jpg|3648x2736
cache/dsc01771_overview_grid.jpg|160x120
dsc01772.jpg|3648x2736
cache/dsc01772_overview_grid.jpg|160x120
dsc01773.jpg|3648x2736
cache/dsc01773_overview_grid.jpg|160x120
dsc01774.jpg|3648x2736
cache/dsc01774_overview_grid.jpg|160x120
dsc01775.jpg|3648x2736
cache/dsc01775_overview_grid.jpg|160x120
dsc01776.jpg|3648x2736
cache/dsc01776_overview_grid.jpg|160x120
dsc01777.jpg|3648x2736
cache/dsc01777_overview_grid.jpg|160x120
dsc01778.jpg|3648x2736
cache/dsc01778_overview_grid.jpg|160x120
dsc01779.jpg|3648x2736
cache/dsc01779_overview_grid.jpg|160x120
cache/dsc01779_photopage_large.jpg|764x573
dsc01780.jpg|3648x2736
cache/dsc01780_overview_grid.jpg|160x120
dsc01781.jpg|3648x2736
cache/dsc01781_overview_grid.jpg|160x120
cache/dsc01781_photopage_large.jpg|764x573
dsc01782.jpg|3648x2736
cache/dsc01782_overview_grid.jpg|160x120
dsc01783.jpg|3648x2736
cache/dsc01783_overview_grid.jpg|160x120
dsc01784.jpg|3648x2736
cache/dsc01784_overview_grid.jpg|160x120
cache/dsc01784_photopage_large.jpg|764x573
dsc01785.jpg|3648x2736
cache/dsc01785_overview_grid.jpg|160x120
cache/dsc01785_photopage_large.jpg|764x573
dsc01786.jpg|3648x2736
cache/dsc01786_overview_grid.jpg|160x120
cache/dsc01786_photopage_large.jpg|764x573
dsc01787.jpg|3648x2736
cache/dsc01787_overview_grid.jpg|160x120
dsc01788.jpg|3648x2736
cache/dsc01788_overview_grid.jpg|160x120
dsc01789.jpg|3648x2736
cache/dsc01789_overview_grid.jpg|160x120
dsc01790.jpg|3648x2736
cache/dsc01790_overview_grid.jpg|160x120
dsc01791.jpg|3648x2736
cache/dsc01791_overview_grid.jpg|160x120
dsc01792.jpg|3648x2736
cache/dsc01792_overview_grid.jpg|160x120
dsc01793.jpg|3648x2736
cache/dsc01793_overview_grid.jpg|160x120
dsc01794.jpg|3648x2736
cache/dsc01794_overview_grid.jpg|160x120
dsc01795.jpg|3648x2736
cache/dsc01795_overview_grid.jpg|160x120
dsc01796.jpg|3648x2736
cache/dsc01796_overview_grid.jpg|160x120
dsc01797.jpg|3648x2736
cache/dsc01797_overview_grid.jpg|160x120
dsc01798.jpg|3648x2736
cache/dsc01798_overview_grid.jpg|160x120
dsc01799.jpg|3648x2736
cache/dsc01799_overview_grid.jpg|160x120
dsc01800.jpg|3648x2736
cache/dsc01800_overview_grid.jpg|160x120
dsc01801.jpg|3648x2736
cache/dsc01801_overview_grid.jpg|160x120
dsc01802.jpg|3648x2736
cache/dsc01802_overview_grid.jpg|160x120
dsc01803.jpg|3648x2736
cache/dsc01803_overview_grid.jpg|160x120
dsc01804.jpg|3648x2736
cache/dsc01804_overview_grid.jpg|160x120
dsc01805.jpg|3648x2736
cache/dsc01805_overview_grid.jpg|160x120
dsc01806.jpg|3648x2736
cache/dsc01806_overview_grid.jpg|160x120
dsc01807.jpg|3648x2736
cache/dsc01807_overview_grid.jpg|160x120
dsc01808.jpg|3648x2736
cache/dsc01808_overview_grid.jpg|160x120
dsc01809.jpg|3648x2736
cache/dsc01809_overview_grid.jpg|160x120
dsc01810.jpg|3648x2736
cache/dsc01810_overview_grid.jpg|160x120
dsc01811.jpg|3648x2736
cache/dsc01811_overview_grid.jpg|160x120
dsc01812.jpg|3648x2736
cache/dsc01812_overview_grid.jpg|160x120
dsc01813.jpg|3648x2736
cache/dsc01813_overview_grid.jpg|160x120
dsc01814.jpg|3648x2736
cache/dsc01814_overview_grid.jpg|160x120
dsc01815.jpg|3648x2736
cache/dsc01815_overview_grid.jpg|160x120
dsc01816.jpg|3648x2736
cache/dsc01816_overview_grid.jpg|160x120
dsc01817.jpg|3648x2736
cache/dsc01817_overview_grid.jpg|160x120
dsc01818.jpg|3648x2736
cache/dsc01818_overview_grid.jpg|160x120
dsc01819.jpg|3648x2736
cache/dsc01819_overview_grid.jpg|160x120
dsc01820.jpg|3648x2736
cache/dsc01820_overview_grid.jpg|160x120
dsc01821.jpg|3648x2736
cache/dsc01821_overview_grid.jpg|160x120
dsc01831.jpg|3648x2736
cache/dsc01831_overview_grid.jpg|160x120
dsc01832.jpg|3648x2736
cache/dsc01832_overview_grid.jpg|160x120
dsc01833.jpg|3648x2736
cache/dsc01833_overview_grid.jpg|160x120
dsc01834.jpg|3648x2736
cache/dsc01834_overview_grid.jpg|160x120
dsc01835.jpg|3648x2736
cache/dsc01835_overview_grid.jpg|160x120
dsc01836.jpg|3648x2736
cache/dsc01836_overview_grid.jpg|160x120
dsc01837.jpg|3648x2736
cache/dsc01837_overview_grid.jpg|160x120
dsc01838.jpg|3648x2736
cache/dsc01838_overview_grid.jpg|160x120
dsc01839.jpg|3648x2736
cache/dsc01839_overview_grid.jpg|160x120
dsc01840.jpg|3648x2736
cache/dsc01840_overview_grid.jpg|160x120
dsc01841.jpg|3648x2736
cache/dsc01841_overview_grid.jpg|160x120
dsc01842.jpg|3648x2736
cache/dsc01842_overview_grid.jpg|160x120
cache/dsc01842_photopage_large.jpg|764x573
dsc01843.jpg|3648x2736
cache/dsc01843_overview_grid.jpg|160x120
dsc01844.jpg|3648x2736
cache/dsc01844_overview_grid.jpg|160x120
dsc01845.jpg|3648x2736
cache/dsc01845_overview_grid.jpg|160x120
dsc01846.jpg|3648x2736
cache/dsc01846_overview_grid.jpg|160x120
dsc01847.jpg|3648x2736
cache/dsc01847_overview_grid.jpg|160x120
dsc01848.jpg|3648x2736
cache/dsc01848_overview_grid.jpg|160x120
dsc01849.jpg|3648x2736
cache/dsc01849_overview_grid.jpg|160x120
dsc01850.jpg|3648x2736
cache/dsc01850_overview_grid.jpg|160x120
dsc01851.jpg|3648x2736
cache/dsc01851_overview_grid.jpg|160x120
dsc01852.jpg|3648x2736
cache/dsc01852_overview_grid.jpg|160x120
dsc01853.jpg|3648x2736
cache/dsc01853_overview_grid.jpg|160x120
cache/dsc01853_photopage_large.jpg|764x573
dsc01854.jpg|3648x2736
cache/dsc01854_overview_grid.jpg|160x120
dsc01855.jpg|3648x2736
cache/dsc01855_overview_grid.jpg|160x120
dsc01856.jpg|3648x2736
cache/dsc01856_overview_grid.jpg|160x120
dsc01857.jpg|3648x2736
cache/dsc01857_overview_grid.jpg|160x120
cache/dsc01857_photopage_large.jpg|764x573
dsc01859.jpg|3648x2736
cache/dsc01859_overview_grid.jpg|160x120
dsc01860.jpg|3648x2736
cache/dsc01860_overview_grid.jpg|160x120
dsc01861.jpg|3648x2736
cache/dsc01861_overview_grid.jpg|160x120
dsc01862.jpg|3648x2736
cache/dsc01862_overview_grid.jpg|160x120
dsc01865.jpg|3648x2736
cache/dsc01865_overview_grid.jpg|160x120
dsc01866.jpg|3648x2736
cache/dsc01866_overview_grid.jpg|160x120
dsc01867.jpg|3648x2736
cache/dsc01867_overview_grid.jpg|160x120
dsc01868.jpg|3648x2736
cache/dsc01868_overview_grid.jpg|160x120
dsc01869.jpg|3648x2736
cache/dsc01869_overview_grid.jpg|160x120
dsc01870.jpg|3648x2736
cache/dsc01870_overview_grid.jpg|160x120
dsc01871.jpg|3648x2736
cache/dsc01871_overview_grid.jpg|160x120
dsc01872.jpg|3648x2736
cache/dsc01872_overview_grid.jpg|160x120
dsc01873.jpg|3648x2736
cache/dsc01873_overview_grid.jpg|160x120
dsc01874.jpg|3648x2736
cache/dsc01874_overview_grid.jpg|160x120
dsc01875.jpg|3648x2736
cache/dsc01875_overview_grid.jpg|160x120
dsc01876.jpg|3648x2736
cache/dsc01876_overview_grid.jpg|160x120
dsc01877.jpg|3648x2736
cache/dsc01877_overview_grid.jpg|160x120
dsc01878.jpg|3648x2736
cache/dsc01878_overview_grid.jpg|160x120
dsc01879.jpg|3648x2736
cache/dsc01879_overview_grid.jpg|160x120
dsc01880.jpg|3648x2736
cache/dsc01880_overview_grid.jpg|160x120
dsc01881.jpg|3648x2736
cache/dsc01881_overview_grid.jpg|160x120
dsc01882.jpg|3648x2736
cache/dsc01882_overview_grid.jpg|160x120
dsc01883.jpg|3648x2736
cache/dsc01883_overview_grid.jpg|160x120
dsc01884.jpg|3648x2736
cache/dsc01884_overview_grid.jpg|160x120
dsc01885.jpg|3648x2736
cache/dsc01885_overview_grid.jpg|160x120
cache/dsc01885_photopage_large.jpg|764x573
dsc01887.jpg|3648x2736
cache/dsc01887_overview_grid.jpg|160x120
dsc01889.jpg|2592x1944
cache/dsc01889_overview_grid.jpg|160x120
dsc01891.jpg|2592x1944
cache/dsc01891_overview_grid.jpg|160x120
dsc01892.jpg|2592x1944
cache/dsc01892_overview_grid.jpg|160x120
dsc01893.jpg|2592x1944
cache/dsc01893_overview_grid.jpg|160x120
dsc01894.jpg|2592x1944
cache/dsc01894_overview_grid.jpg|160x120
cache/dsc01894_photopage_large.jpg|764x573
dsc01897.jpg|3648x2736
cache/dsc01897_overview_grid.jpg|160x120
dsc01898.jpg|3648x2736
cache/dsc01898_overview_grid.jpg|160x120
dsc01899.jpg|3648x2736
cache/dsc01899_overview_grid.jpg|160x120
dsc01900.jpg|3648x2736
cache/dsc01900_overview_grid.jpg|160x120
dsc01901.jpg|3648x2736
cache/dsc01901_overview_grid.jpg|160x120
dsc01902.jpg|3648x2736
cache/dsc01902_overview_grid.jpg|160x120
dsc01904.jpg|3648x2736
cache/dsc01904_overview_grid.jpg|160x120
cache/dsc01904_photopage_large.jpg|764x573
dsc01905.jpg|3648x2736
cache/dsc01905_overview_grid.jpg|160x120
dsc01906.jpg|3648x2736
cache/dsc01906_overview_grid.jpg|160x120
dsc01907.jpg|3648x2736
cache/dsc01907_overview_grid.jpg|160x120
dsc01909.jpg|3648x2736
cache/dsc01909_overview_grid.jpg|160x120
cache/dsc01909_photopage_large.jpg|764x573
dsc01910.jpg|3648x2736
cache/dsc01910_overview_grid.jpg|160x120
cache/dsc01910_photopage_large.jpg|764x573
dsc01911.jpg|3648x2736
cache/dsc01911_overview_grid.jpg|160x120
dsc01912.jpg|3648x2736
cache/dsc01912_overview_grid.jpg|160x120
dsc01913.jpg|3648x2736
cache/dsc01913_overview_grid.jpg|160x120
cache/dsc01913_photopage_large.jpg|764x573
dsc01914.jpg|3648x2736
cache/dsc01914_overview_grid.jpg|160x120
cache/dsc01914_photopage_large.jpg|764x573
dsc01915.jpg|3648x2736
cache/dsc01915_overview_grid.jpg|160x120
cache/dsc01915_photopage_large.jpg|764x573
dsc01916.jpg|3648x2736
cache/dsc01916_overview_grid.jpg|160x120
dsc01917.jpg|3648x2736
cache/dsc01917_overview_grid.jpg|160x120
dsc01918.jpg|3648x2736
cache/dsc01918_overview_grid.jpg|160x120
dsc01919.jpg|3648x2736
cache/dsc01919_overview_grid.jpg|160x120
dsc01920.jpg|3648x2736
cache/dsc01920_overview_grid.jpg|160x120
cache/dsc01920_photopage_large.jpg|764x573
dsc01921.jpg|3648x2736
cache/dsc01921_overview_grid.jpg|160x120
cache/dsc01921_photopage_large.jpg|764x573
dsc01922.jpg|3648x2736
cache/dsc01922_overview_grid.jpg|160x120
dsc01923.jpg|3648x2736
cache/dsc01923_overview_grid.jpg|160x120
dsc01924.jpg|3648x2736
cache/dsc01924_overview_grid.jpg|160x120
cache/dsc01924_photopage_large.jpg|764x573
dsc01925.jpg|3585x1285
cache/dsc01925_overview_grid.jpg|335x120
cache/dsc01925_photopage_large.jpg|764x274
dsc01926.jpg|3648x2736
cache/dsc01926_overview_grid.jpg|160x120
dsc01927.jpg|3648x2736
cache/dsc01927_overview_grid.jpg|160x120
dsc01928.jpg|3648x2736
cache/dsc01928_overview_grid.jpg|160x120
dsc01929.jpg|3648x2736
cache/dsc01929_overview_grid.jpg|160x120
dsc01930.jpg|3648x2736
cache/dsc01930_overview_grid.jpg|160x120
dsc01931.jpg|3648x2736
cache/dsc01931_overview_grid.jpg|160x120
dsc01932.jpg|3648x2736
cache/dsc01932_overview_grid.jpg|160x120
dsc01933.jpg|3648x2736
cache/dsc01933_overview_grid.jpg|160x120
dsc01934.jpg|3648x2736
cache/dsc01934_overview_grid.jpg|160x120
cache/dsc01934_photopage_large.jpg|764x573
dsc01935.jpg|3648x2736
cache/dsc01935_overview_grid.jpg|160x120
dsc01936.jpg|3648x2736
cache/dsc01936_overview_grid.jpg|160x120
cache/dsc01936_photopage_large.jpg|764x573
dsc01937.jpg|3648x2736
cache/dsc01937_overview_grid.jpg|160x120
dsc01938.jpg|3648x2736
cache/dsc01938_overview_grid.jpg|160x120
dsc01939.jpg|3648x2736
cache/dsc01939_overview_grid.jpg|160x120
dsc01940.jpg|3648x2736
cache/dsc01940_overview_grid.jpg|160x120
dsc01941.jpg|3648x2736
cache/dsc01941_overview_grid.jpg|160x120
dsc01942.jpg|3648x2736
cache/dsc01942_overview_grid.jpg|160x120
dsc01943.jpg|2592x1944
cache/dsc01943_overview_grid.jpg|160x120
cache/dsc01943_photopage_large.jpg|764x573
dsc01944.jpg|2592x1944
cache/dsc01944_overview_grid.jpg|160x120
dsc01945.jpg|2592x1944
cache/dsc01945_overview_grid.jpg|160x120
cache/dsc01945_photopage_large.jpg|764x573
dsc01946.jpg|2592x1944
cache/dsc01946_overview_grid.jpg|160x120
dsc01947.jpg|2592x1944
cache/dsc01947_overview_grid.jpg|160x120
dsc01948.jpg|2592x1944
cache/dsc01948_overview_grid.jpg|160x120
cache/dsc01948_photopage_large.jpg|764x573
dsc01949.jpg|2592x1944
cache/dsc01949_overview_grid.jpg|160x120
dsc01950.jpg|2592x1944
cache/dsc01950_overview_grid.jpg|160x120
dsc01951.jpg|2592x1944
cache/dsc01951_overview_grid.jpg|160x120
dsc01953.jpg|2592x1944
cache/dsc01953_overview_grid.jpg|160x120
cache/dsc01953_photopage_large.jpg|764x573
dsc01954.jpg|2592x1944
cache/dsc01954_overview_grid.jpg|160x120
dsc01955.jpg|3648x2736
cache/dsc01955_overview_grid.jpg|160x120
dsc01958.jpg|2592x1944
cache/dsc01958_overview_grid.jpg|160x120
dsc01959.jpg|2592x1944
cache/dsc01959_overview_grid.jpg|160x120
dsc01960.jpg|2592x1944
cache/dsc01960_overview_grid.jpg|160x120
dsc01961.jpg|2592x1944
cache/dsc01961_overview_grid.jpg|160x120
dsc01962.jpg|2592x1944
cache/dsc01962_overview_grid.jpg|160x120
dsc01963.jpg|2592x1944
cache/dsc01963_overview_grid.jpg|160x120
dsc01964.jpg|2592x1944
cache/dsc01964_overview_grid.jpg|160x120
dsc01965.jpg|2592x1944
cache/dsc01965_overview_grid.jpg|160x120
dsc01966.jpg|2592x1944
cache/dsc01966_overview_grid.jpg|160x120
dsc01967.jpg|2592x1944
cache/dsc01967_overview_grid.jpg|160x120
dsc01968.jpg|2592x1944
cache/dsc01968_overview_grid.jpg|160x120
dsc01969.jpg|2592x1944
cache/dsc01969_overview_grid.jpg|160x120
dsc01970.jpg|2592x1944
cache/dsc01970_overview_grid.jpg|160x120
dsc01971.jpg|2592x1944
cache/dsc01971_overview_grid.jpg|160x120
dsc01972.jpg|2592x1944
cache/dsc01972_overview_grid.jpg|160x120
dsc01973.jpg|2592x1944
cache/dsc01973_overview_grid.jpg|160x120
dsc01974.jpg|2592x1944
cache/dsc01974_overview_grid.jpg|160x120
dsc01975.jpg|3648x2736
cache/dsc01975_overview_grid.jpg|160x120
dsc01977.jpg|2592x1944
cache/dsc01977_overview_grid.jpg|160x120
dsc01978.jpg|2592x1944
cache/dsc01978_overview_grid.jpg|160x120
dsc01979.jpg|2592x1944
cache/dsc01979_overview_grid.jpg|160x120
dsc01980.jpg|2592x1944
cache/dsc01980_overview_grid.jpg|160x120
dsc01981.jpg|2592x1944
cache/dsc01981_overview_grid.jpg|160x120
dsc01982.jpg|2592x1944
cache/dsc01982_overview_grid.jpg|160x120
dsc01983.jpg|3648x2736
cache/dsc01983_overview_grid.jpg|160x120
cache/dsc01983_photopage_large.jpg|764x573
dsc01984.jpg|3648x2736
cache/dsc01984_overview_grid.jpg|160x120
cache/dsc01984_photopage_large.jpg|764x573
dsc01985.jpg|3648x2736
cache/dsc01985_overview_grid.jpg|160x120
cache/dsc01985_photopage_large.jpg|764x573
dsc01986.jpg|3648x2736
cache/dsc01986_overview_grid.jpg|160x120
cache/dsc01986_photopage_large.jpg|764x573
dsc01987.jpg|3648x2736
cache/dsc01987_overview_grid.jpg|160x120
dsc01988.jpg|3648x2736
cache/dsc01988_overview_grid.jpg|160x120
dsc01989.jpg|3648x2736
cache/dsc01989_overview_grid.jpg|160x120
cache/dsc01989_photopage_large.jpg|764x573
dsc01990.jpg|3648x2736
cache/dsc01990_overview_grid.jpg|160x120
cache/dsc01990_photopage_large.jpg|764x573
dsc01991.jpg|3648x2736
cache/dsc01991_overview_grid.jpg|160x120
dsc01992.jpg|3648x2736
cache/dsc01992_overview_grid.jpg|160x120
dsc01993.jpg|3648x2736
cache/dsc01993_overview_grid.jpg|160x120
dsc01994.jpg|3648x2736
cache/dsc01994_overview_grid.jpg|160x120
dsc01995.jpg|3648x2736
cache/dsc01995_overview_grid.jpg|160x120
dsc01996.jpg|3648x2736
cache/dsc01996_overview_grid.jpg|160x120
dsc01997.jpg|3648x2736
cache/dsc01997_overview_grid.jpg|160x120
dsc01998.jpg|3648x2736
cache/dsc01998_overview_grid.jpg|160x120
dsc01999.jpg|3648x2736
cache/dsc01999_overview_grid.jpg|160x120
dsc02004.jpg|3648x2736
cache/dsc02004_overview_grid.jpg|160x120
dsc02005.jpg|3648x2736
cache/dsc02005_overview_grid.jpg|160x120
dsc02006.jpg|2736x3648
cache/dsc02006_overview_grid.jpg|90x120
dsc02007.jpg|3648x2736
cache/dsc02007_overview_grid.jpg|160x120
dsc02008.jpg|3648x2736
cache/dsc02008_overview_grid.jpg|160x120
dsc02009.jpg|3648x2736
cache/dsc02009_overview_grid.jpg|160x120
dsc02010.jpg|3648x2736
cache/dsc02010_overview_grid.jpg|160x120
dsc02011.jpg|2736x3648
cache/dsc02011_overview_grid.jpg|90x120
dsc02012.jpg|3648x2736
cache/dsc02012_overview_grid.jpg|160x120
dsc02013.jpg|3648x2736
cache/dsc02013_overview_grid.jpg|160x120
dsc02021.jpg|3648x2736
cache/dsc02021_overview_grid.jpg|160x120
dsc02022.jpg|3648x2736
cache/dsc02022_overview_grid.jpg|160x120
dsc02023.jpg|3648x2736
cache/dsc02023_overview_grid.jpg|160x120
dsc02024.jpg|2592x1944
cache/dsc02024_overview_grid.jpg|160x120
dsc02025.jpg|2592x1944
cache/dsc02025_overview_grid.jpg|160x120
dsc02026.jpg|3648x2736
cache/dsc02026_overview_grid.jpg|160x120
dsc02027.jpg|2592x1944
cache/dsc02027_overview_grid.jpg|160x120
dsc02028.jpg|1944x2592
cache/dsc02028_overview_grid.jpg|90x120
dsc02029.jpg|2592x1944
cache/dsc02029_overview_grid.jpg|160x120
cache/dsc02029_photopage_large.jpg|764x573
dsc02030.jpg|2592x1944
cache/dsc02030_overview_grid.jpg|160x120
dsc02031.jpg|2592x1944
cache/dsc02031_overview_grid.jpg|160x120
dsc02032.jpg|1944x2592
cache/dsc02032_overview_grid.jpg|90x120
dsc02033.jpg|2592x1944
cache/dsc02033_overview_grid.jpg|160x120
cache/dsc02033_photopage_large.jpg|764x573
dsc02034.jpg|2592x1944
cache/dsc02034_overview_grid.jpg|160x120
cache/dsc02034_photopage_large.jpg|764x573
dsc02035.jpg|1944x2592
cache/dsc02035_overview_grid.jpg|90x120
dsc02036.jpg|2592x1944
cache/dsc02036_overview_grid.jpg|160x120
dsc02037.jpg|2592x1944
cache/dsc02037_overview_grid.jpg|160x120
dsc02038.jpg|1944x2592
cache/dsc02038_overview_grid.jpg|90x120
dsc02039.jpg|2592x1944
cache/dsc02039_overview_grid.jpg|160x120
dsc02040.jpg|1944x2592
cache/dsc02040_overview_grid.jpg|90x120
dsc02041.jpg|2592x1944
cache/dsc02041_overview_grid.jpg|160x120
cache/dsc02041_photopage_large.jpg|764x573
dsc02042.jpg|2592x1944
cache/dsc02042_overview_grid.jpg|160x120
dsc02043.jpg|2592x1944
cache/dsc02043_overview_grid.jpg|160x120
cache/dsc02043_photopage_large.jpg|764x573
dsc02044.jpg|2592x1944
cache/dsc02044_overview_grid.jpg|160x120
cache/dsc02044_photopage_large.jpg|764x573
dsc02045.jpg|2592x1944
cache/dsc02045_overview_grid.jpg|160x120
dsc02046.jpg|2592x1944
cache/dsc02046_overview_grid.jpg|160x120
dsc02047.jpg|3648x2736
cache/dsc02047_overview_grid.jpg|160x120
dsc02048.jpg|2592x1944
cache/dsc02048_overview_grid.jpg|160x120
dsc02049.jpg|2592x1944
cache/dsc02049_overview_grid.jpg|160x120
dsc02050.jpg|2592x1944
cache/dsc02050_overview_grid.jpg|160x120
dsc02051.jpg|3648x2736
cache/dsc02051_overview_grid.jpg|160x120
dsc02052.jpg|3648x2736
cache/dsc02052_overview_grid.jpg|160x120
dsc02053.jpg|3648x2736
cache/dsc02053_overview_grid.jpg|160x120
dsc02054.jpg|3648x2736
cache/dsc02054_overview_grid.jpg|160x120
dsc02055.jpg|3648x2736
cache/dsc02055_overview_grid.jpg|160x120
dsc02056.jpg|3648x2736
cache/dsc02056_overview_grid.jpg|160x120
dsc02057.jpg|3648x2736
cache/dsc02057_overview_grid.jpg|160x120
dsc02058.jpg|2592x1944
cache/dsc02058_overview_grid.jpg|160x120
dsc02059.jpg|2592x1944
cache/dsc02059_overview_grid.jpg|160x120
dsc02060.jpg|2592x1944
cache/dsc02060_overview_grid.jpg|160x120
dsc02061.jpg|2592x1944
cache/dsc02061_overview_grid.jpg|160x120
cache/dsc02061_photopage_large.jpg|764x573
dsc02062.jpg|2592x1944
cache/dsc02062_overview_grid.jpg|160x120
cache/dsc02062_photopage_large.jpg|764x573
dsc02063.jpg|2592x1944
cache/dsc02063_overview_grid.jpg|160x120
dsc02064.jpg|2592x1944
cache/dsc02064_overview_grid.jpg|160x120
dsc02065.jpg|2592x1944
cache/dsc02065_overview_grid.jpg|160x120
dsc02066.jpg|2592x1944
cache/dsc02066_overview_grid.jpg|160x120
dsc02067.jpg|2592x1944
cache/dsc02067_overview_grid.jpg|160x120
cache/dsc02067_photopage_large.jpg|764x573
dsc02068.jpg|2592x1944
cache/dsc02068_overview_grid.jpg|160x120
dsc02069.jpg|2592x1944
cache/dsc02069_overview_grid.jpg|160x120
dsc02070.jpg|2592x1944
cache/dsc02070_overview_grid.jpg|160x120
dsc02071.jpg|2592x1944
cache/dsc02071_overview_grid.jpg|160x120
dsc02072.jpg|2592x1944
cache/dsc02072_overview_grid.jpg|160x120
dsc02073.jpg|2592x1944
cache/dsc02073_overview_grid.jpg|160x120
dsc02074.jpg|2592x1944
cache/dsc02074_overview_grid.jpg|160x120
dsc02075.jpg|2592x1944
cache/dsc02075_overview_grid.jpg|160x120
dsc02076.jpg|2592x1944
cache/dsc02076_overview_grid.jpg|160x120
dsc02077.jpg|2592x1944
cache/dsc02077_overview_grid.jpg|160x120
dsc02078.jpg|2592x1944
cache/dsc02078_overview_grid.jpg|160x120
dsc02079.jpg|2592x1944
cache/dsc02079_overview_grid.jpg|160x120
dsc02080.jpg|2592x1944
cache/dsc02080_overview_grid.jpg|160x120
dsc02081.jpg|2592x1944
cache/dsc02081_overview_grid.jpg|160x120
dsc02082.jpg|2592x1944
cache/dsc02082_overview_grid.jpg|160x120
dsc02083.jpg|2592x1944
cache/dsc02083_overview_grid.jpg|160x120
dsc02084.jpg|2592x1944
cache/dsc02084_overview_grid.jpg|160x120
dsc02085.jpg|2592x1944
cache/dsc02085_overview_grid.jpg|160x120
dsc02086.jpg|2592x1944
cache/dsc02086_overview_grid.jpg|160x120
dsc02087.jpg|2592x1944
cache/dsc02087_overview_grid.jpg|160x120
dsc02088.jpg|2592x1944
cache/dsc02088_overview_grid.jpg|160x120
dsc02089.jpg|2592x1944
cache/dsc02089_overview_grid.jpg|160x120
dsc02090.jpg|2592x1944
cache/dsc02090_overview_grid.jpg|160x120
dsc02091.jpg|2592x1944
cache/dsc02091_overview_grid.jpg|160x120
rimg1406.jpg|2736x3648
cache/rimg1406_overview_grid.jpg|90x120
rimg1407.jpg|2736x3648
cache/rimg1407_overview_grid.jpg|90x120
rimg1408.jpg|2736x3648
cache/rimg1408_overview_grid.jpg|90x120
cache/rimg1408_photopage_large.jpg|764x1019
rimg1409.jpg|2736x3648
cache/rimg1409_overview_grid.jpg|90x120
rimg1410.jpg|3648x2736
cache/rimg1410_overview_grid.jpg|160x120
rimg1411.jpg|2736x3648
cache/rimg1411_overview_grid.jpg|90x120
rimg1412.jpg|2736x3648
cache/rimg1412_overview_grid.jpg|90x120
rimg1413.jpg|3648x2736
cache/rimg1413_overview_grid.jpg|160x120
rimg1415.jpg|2736x3648
cache/rimg1415_overview_grid.jpg|90x120
rimg1416.jpg|2736x3648
cache/rimg1416_overview_grid.jpg|90x120
dsc_0110.jpg|2896x1944
cache/dsc_0110_overview_grid.jpg|179x120
dsc_0111.jpg|2896x1944
cache/dsc_0111_overview_grid.jpg|179x120
cache/dsc_0111_photopage_large.jpg|764x513
rimg1434.jpg|3648x2736
cache/rimg1434_overview_grid.jpg|160x120
cache/rimg1434_photopage_large.jpg|764x573
rimg1435.jpg|3648x2736
cache/rimg1435_overview_grid.jpg|160x120
cache/rimg1435_photopage_large.jpg|764x573
rimg1436.jpg|2736x3648
cache/rimg1436_overview_grid.jpg|90x120
dsc_0125.jpg|2896x1944
cache/dsc_0125_overview_grid.jpg|179x120
dsc_0127.jpg|2896x1944
cache/dsc_0127_overview_grid.jpg|179x120
cache/dsc_0127_photopage_large.jpg|764x513
dsc_0131.jpg|2896x1944
cache/dsc_0131_overview_grid.jpg|179x120
dsc_0132.jpg|2896x1944
cache/dsc_0132_overview_grid.jpg|179x120
cache/dsc_0132_photopage_large.jpg|764x513
dsc_0140.jpg|2896x1944
cache/dsc_0140_overview_grid.jpg|179x120
dsc_0141.jpg|2896x1944
cache/dsc_0141_overview_grid.jpg|179x120
cache/dsc_0141_photopage_large.jpg|764x513
dsc_0142.jpg|2896x1944
cache/dsc_0142_overview_grid.jpg|179x120
rimg1437.jpg|3648x2736
cache/rimg1437_overview_grid.jpg|160x120
cache/rimg1437_photopage_large.jpg|764x573
rimg1438.jpg|3648x2736
cache/rimg1438_overview_grid.jpg|160x120
cache/rimg1438_photopage_large.jpg|764x573
rimg1439.jpg|3648x2736
cache/rimg1439_overview_grid.jpg|160x120
cache/rimg1439_photopage_large.jpg|764x573
rimg1425.jpg|3648x2736
cache/rimg1425_overview_grid.jpg|160x120
cache/rimg1425_photopage_large.jpg|764x573
dsc_0124.jpg|2896x1944
cache/dsc_0124_overview_grid.jpg|179x120
cache/dsc_0124_photopage_large.jpg|764x513
dsc_0126.jpg|2896x1944
cache/dsc_0126_overview_grid.jpg|179x120
cache/dsc_0126_photopage_large.jpg|764x513
rimg1424.jpg|2736x3648
cache/rimg1424_overview_grid.jpg|90x120
cache/rimg1424_photopage_large.jpg|764x1019
rimg1426.jpg|2736x3648
cache/rimg1426_overview_grid.jpg|90x120
rimg1427.jpg|3648x2736
cache/rimg1427_overview_grid.jpg|160x120
rimg1428.jpg|3648x2736
cache/rimg1428_overview_grid.jpg|160x120
cache/rimg1428_photopage_large.jpg|764x573
rimg1430.jpg|3648x2736
cache/rimg1430_overview_grid.jpg|160x120
rimg1431.jpg|3648x2736
cache/rimg1431_overview_grid.jpg|160x120
rimg1432.jpg|3648x2736
cache/rimg1432_overview_grid.jpg|160x120
rimg1433.jpg|3648x2736
cache/rimg1433_overview_grid.jpg|160x120
rimg1440.jpg|3648x2736
cache/rimg1440_overview_grid.jpg|160x120
rimg1441.jpg|2736x3648
cache/rimg1441_overview_grid.jpg|90x120
rimg1442.jpg|3648x2736
cache/rimg1442_overview_grid.jpg|160x120
cache/rimg1442_photopage_large.jpg|764x573
rimg1443.jpg|2736x3648
cache/rimg1443_overview_grid.jpg|90x120
rimg1444.jpg|2736x3648
cache/rimg1444_overview_grid.jpg|90x120
rimg1445.jpg|2736x3648
cache/rimg1445_overview_grid.jpg|90x120
rimg1446.jpg|2736x3648
cache/rimg1446_overview_grid.jpg|90x120
rimg1447.jpg|2736x3648
cache/rimg1447_overview_grid.jpg|90x120
cache/rimg1447_photopage_large.jpg|764x1019
dsc_0144.jpg|1944x2896
cache/dsc_0144_overview_grid.jpg|81x120
dsc_0145.jpg|1944x2896
cache/dsc_0145_overview_grid.jpg|81x120
dsc_0146.jpg|2896x1944
cache/dsc_0146_overview_grid.jpg|179x120
cache/dsc_0146_photopage_large.jpg|764x513
dsc_0147.jpg|1944x2896
cache/dsc_0147_overview_grid.jpg|81x120
cache/dsc_0147_photopage_large.jpg|764x1138
rimg1418.jpg|3648x2736
cache/rimg1418_overview_grid.jpg|160x120
rimg1419.jpg|2736x3648
cache/rimg1419_overview_grid.jpg|90x120
rimg1421.jpg|3648x2736
cache/rimg1421_overview_grid.jpg|160x120
rimg1422.jpg|2736x3648
cache/rimg1422_overview_grid.jpg|90x120
cache/rimg1422_photopage_large.jpg|764x1019
rimg1423.jpg|3648x2736
cache/rimg1423_overview_grid.jpg|160x120
dsc_0115.jpg|2896x1944
cache/dsc_0115_overview_grid.jpg|179x120
cache/dsc_0115_photopage_large.jpg|764x513
dsc_0116.jpg|1944x2896
cache/dsc_0116_overview_grid.jpg|81x120
dsc_0120.jpg|2896x1944
cache/dsc_0120_overview_grid.jpg|179x120
dsc_0121.jpg|2896x1944
cache/dsc_0121_overview_grid.jpg|179x120
dsc_0122.jpg|2896x1944
cache/dsc_0122_overview_grid.jpg|179x120
dsc_0123.jpg|2896x1944
cache/dsc_0123_overview_grid.jpg|179x120
cache/dsc_0123_photopage_large.jpg|764x513
dsc_0134.jpg|2896x1944
cache/dsc_0134_overview_grid.jpg|179x120
dsc_0135.jpg|2896x1944
cache/dsc_0135_overview_grid.jpg|179x120
dsc_0136.jpg|1944x2896
cache/dsc_0136_overview_grid.jpg|81x120
dsc_0143.jpg|2896x1944
cache/dsc_0143_overview_grid.jpg|179x120
cache/dsc_0143_photopage_large.jpg|764x513
dsc_0133.jpg|2896x1944
cache/dsc_0133_overview_grid.jpg|179x120
cache/dsc_0133_photopage_large.jpg|764x513
rimg1502.jpg|3648x2736
cache/rimg1502_overview_grid.jpg|160x120
cache/rimg1502_photopage_large.jpg|764x573
rimg1503.jpg|2736x3648
cache/rimg1503_overview_grid.jpg|90x120
cache/rimg1503_photopage_large.jpg|764x1019
rimg1504.jpg|2736x3648
cache/rimg1504_overview_grid.jpg|90x120
cache/rimg1504_photopage_large.jpg|764x1019
dsc_0189.jpg|2896x1944
cache/dsc_0189_overview_grid.jpg|179x120
dsc_0190.jpg|1944x2896
cache/dsc_0190_overview_grid.jpg|81x120
cache/dsc_0190_photopage_large.jpg|764x1138
dsc_0191.jpg|2896x1944
cache/dsc_0191_overview_grid.jpg|179x120
dsc_0192.jpg|1944x2896
cache/dsc_0192_overview_grid.jpg|81x120
cache/dsc_0192_photopage_large.jpg|764x1138
rimg1500.jpg|2736x3648
cache/rimg1500_overview_grid.jpg|90x120
rimg1501.jpg|2736x3648
cache/rimg1501_overview_grid.jpg|90x120
dsc_0169.jpg|2896x1944
cache/dsc_0169_overview_grid.jpg|179x120
rimg1473.jpg|2736x3648
cache/rimg1473_overview_grid.jpg|90x120
rimg1476.jpg|3648x2736
cache/rimg1476_overview_grid.jpg|160x120
rimg1477.jpg|2736x3648
cache/rimg1477_overview_grid.jpg|90x120
cache/rimg1477_photopage_large.jpg|764x1019
rimg1505.jpg|2736x3648
cache/rimg1505_overview_grid.jpg|90x120
rimg1506.jpg|3648x2736
cache/rimg1506_overview_grid.jpg|160x120
rimg1515.jpg|3648x2736
cache/rimg1515_overview_grid.jpg|160x120
rimg1474.jpg|2736x3648
cache/rimg1474_overview_grid.jpg|90x120
cache/rimg1474_photopage_large.jpg|764x1019
rimg1514.jpg|3648x2736
cache/rimg1514_overview_grid.jpg|160x120
dsc_0186.jpg|2896x1944
cache/dsc_0186_overview_grid.jpg|179x120
rimg1478.jpg|2736x3648
cache/rimg1478_overview_grid.jpg|90x120
rimg1479.jpg|3648x2736
cache/rimg1479_overview_grid.jpg|160x120
rimg1480.jpg|3648x2736
cache/rimg1480_overview_grid.jpg|160x120
dsc_0168.jpg|2896x1944
cache/dsc_0168_overview_grid.jpg|179x120
rimg1471.jpg|3648x2736
cache/rimg1471_overview_grid.jpg|160x120
rimg1499.jpg|2736x3648
cache/rimg1499_overview_grid.jpg|90x120
dsc_0179.jpg|2896x1944
cache/dsc_0179_overview_grid.jpg|179x120
cache/dsc_0179_photopage_large.jpg|764x513
dsc_0180.jpg|2896x1944
cache/dsc_0180_overview_grid.jpg|179x120
rimg1481.jpg|2736x3648
cache/rimg1481_overview_grid.jpg|90x120
rimg1482.jpg|3648x2736
cache/rimg1482_overview_grid.jpg|160x120
rimg1483.jpg|3648x2736
cache/rimg1483_overview_grid.jpg|160x120
rimg1484.jpg|3648x2736
cache/rimg1484_overview_grid.jpg|160x120
rimg1485.jpg|2736x3648
cache/rimg1485_overview_grid.jpg|90x120
rimg1486.jpg|3648x2736
cache/rimg1486_overview_grid.jpg|160x120
cache/rimg1486_photopage_large.jpg|764x573
rimg1489.jpg|2736x3648
cache/rimg1489_overview_grid.jpg|90x120
rimg1491.jpg|3648x2736
cache/rimg1491_overview_grid.jpg|160x120
rimg1492.jpg|2736x3648
cache/rimg1492_overview_grid.jpg|90x120
rimg1493.jpg|3648x2736
cache/rimg1493_overview_grid.jpg|160x120
rimg1494.jpg|2736x3648
cache/rimg1494_overview_grid.jpg|90x120
rimg1487.jpg|2736x3648
cache/rimg1487_overview_grid.jpg|90x120
rimg1488.jpg|2736x3648
cache/rimg1488_overview_grid.jpg|90x120
cache/rimg1488_photopage_large.jpg|764x1019
rimg1507.jpg|3648x2736
cache/rimg1507_overview_grid.jpg|160x120
cache/rimg1507_photopage_large.jpg|764x573
rimg1511.jpg|3648x2736
cache/rimg1511_overview_grid.jpg|160x120
cache/rimg1511_photopage_large.jpg|764x573
rimg1512.jpg|3648x2736
cache/rimg1512_overview_grid.jpg|160x120
dsc_0194.jpg|2896x1944
cache/dsc_0194_overview_grid.jpg|179x120
cache/dsc_0194_photopage_large.jpg|764x513
rimg1453.jpg|3648x2736
cache/rimg1453_overview_grid.jpg|160x120
cache/rimg1453_photopage_large.jpg|764x573
rimg1455.jpg|2736x3648
cache/rimg1455_overview_grid.jpg|90x120
rimg1456.jpg|3648x2736
cache/rimg1456_overview_grid.jpg|160x120
cache/rimg1456_photopage_large.jpg|764x573
rimg1464.jpg|2736x3648
cache/rimg1464_overview_grid.jpg|90x120
rimg1465.jpg|2736x3648
cache/rimg1465_overview_grid.jpg|90x120
cache/rimg1465_photopage_large.jpg|764x1019
rimg1467.jpg|3648x2736
cache/rimg1467_overview_grid.jpg|160x120
cache/rimg1467_photopage_large.jpg|764x573
rimg1468.jpg|3648x2736
cache/rimg1468_overview_grid.jpg|160x120
cache/rimg1468_photopage_large.jpg|764x573
rimg1517.jpg|2736x3648
cache/rimg1517_overview_grid.jpg|90x120
rimg1524.jpg|3648x2736
cache/rimg1524_overview_grid.jpg|160x120
rimg1525.jpg|3648x2736
cache/rimg1525_overview_grid.jpg|160x120
rimg1526.jpg|2736x3648
cache/rimg1526_overview_grid.jpg|90x120
rimg1527.jpg|3648x2736
cache/rimg1527_overview_grid.jpg|160x120
rimg1528.jpg|3648x2736
cache/rimg1528_overview_grid.jpg|160x120
cache/rimg1528_photopage_large.jpg|764x573
rimg1529.jpg|2736x3648
cache/rimg1529_overview_grid.jpg|90x120
rimg1530.jpg|2736x3648
cache/rimg1530_overview_grid.jpg|90x120
rimg1531.jpg|2736x3648
cache/rimg1531_overview_grid.jpg|90x120
dsc_0166.jpg|2896x1944
cache/dsc_0166_overview_grid.jpg|179x120
cache/dsc_0166_photopage_large.jpg|764x513
dsc_0167.jpg|1944x2896
cache/dsc_0167_overview_grid.jpg|81x120
dsc_0175.jpg|2896x1944
cache/dsc_0175_overview_grid.jpg|179x120
cache/dsc_0175_photopage_large.jpg|764x513
dsc_0201.jpg|2896x1944
cache/dsc_0201_overview_grid.jpg|179x120
cache/dsc_0201_photopage_large.jpg|764x513
dsc_0202.jpg|2896x1944
cache/dsc_0202_overview_grid.jpg|179x120
dsc_0203.jpg|2896x1944
cache/dsc_0203_overview_grid.jpg|179x120
dsc_0204.jpg|2896x1944
cache/dsc_0204_overview_grid.jpg|179x120
dsc_0205.jpg|2896x1944
cache/dsc_0205_overview_grid.jpg|179x120
cache/dsc_0205_photopage_large.jpg|764x513
dsc_0206.jpg|2896x1944
cache/dsc_0206_overview_grid.jpg|179x120
dsc_0207.jpg|2896x1944
cache/dsc_0207_overview_grid.jpg|179x120
dsc_0208.jpg|2896x1944
cache/dsc_0208_overview_grid.jpg|179x120
cache/dsc_0208_photopage_large.jpg|764x513
dsc_0209.jpg|2896x1944
cache/dsc_0209_overview_grid.jpg|179x120
dsc_0210.jpg|2896x1944
cache/dsc_0210_overview_grid.jpg|179x120
dsc_0211.jpg|2896x1944
cache/dsc_0211_overview_grid.jpg|179x120
dsc_0212.jpg|2896x1944
cache/dsc_0212_overview_grid.jpg|179x120
dsc_0213.jpg|2896x1944
cache/dsc_0213_overview_grid.jpg|179x120
cache/dsc_0213_photopage_large.jpg|764x513
dsc_0214.jpg|2896x1944
cache/dsc_0214_overview_grid.jpg|179x120
dsc_0215.jpg|2896x1944
cache/dsc_0215_overview_grid.jpg|179x120
dsc_0216.jpg|2896x1944
cache/dsc_0216_overview_grid.jpg|179x120
dsc_0217.jpg|2896x1944
cache/dsc_0217_overview_grid.jpg|179x120
dsc_0218.jpg|2896x1944
cache/dsc_0218_overview_grid.jpg|179x120
dsc_0219.jpg|2896x1944
cache/dsc_0219_overview_grid.jpg|179x120
dsc_0220.jpg|2896x1944
cache/dsc_0220_overview_grid.jpg|179x120
dsc_0221.jpg|2896x1944
cache/dsc_0221_overview_grid.jpg|179x120
cache/dsc_0221_photopage_large.jpg|764x513
dsc_0222.jpg|2896x1944
cache/dsc_0222_overview_grid.jpg|179x120
dsc_0223.jpg|2896x1944
cache/dsc_0223_overview_grid.jpg|179x120
rimg1457.jpg|2736x3648
cache/rimg1457_overview_grid.jpg|90x120
rimg1458.jpg|2736x3648
cache/rimg1458_overview_grid.jpg|90x120
rimg1459.jpg|3648x2736
cache/rimg1459_overview_grid.jpg|160x120
rimg1460.jpg|2736x3648
cache/rimg1460_overview_grid.jpg|90x120
rimg1461.jpg|2736x3648
cache/rimg1461_overview_grid.jpg|90x120
rimg1462.jpg|3648x2736
cache/rimg1462_overview_grid.jpg|160x120
rimg1463.jpg|2736x3648
cache/rimg1463_overview_grid.jpg|90x120
rimg1466.jpg|3648x2736
cache/rimg1466_overview_grid.jpg|160x120
cache/rimg1466_photopage_large.jpg|764x573
rimg1516.jpg|2736x3648
cache/rimg1516_overview_grid.jpg|90x120
dsc_0176.jpg|2896x1944
cache/dsc_0176_overview_grid.jpg|179x120
dsc_0177.jpg|1944x2896
cache/dsc_0177_overview_grid.jpg|81x120
cache/dsc_0177_photopage_large.jpg|764x1138
dsc_0178.jpg|1944x2896
cache/dsc_0178_overview_grid.jpg|81x120
rimg1490.jpg|2736x3648
cache/rimg1490_overview_grid.jpg|90x120
rimg1496.jpg|2736x3648
cache/rimg1496_overview_grid.jpg|90x120
rimg1497.jpg|2736x3648
cache/rimg1497_overview_grid.jpg|90x120
cache/rimg1497_photopage_large.jpg|764x1019
rimg1498.jpg|2736x3648
cache/rimg1498_overview_grid.jpg|90x120
rimg1508.jpg|2736x3648
cache/rimg1508_overview_grid.jpg|90x120
rimg1495.jpg|3648x2736
cache/rimg1495_overview_grid.jpg|160x120
dsc_0183.jpg|2896x1944
cache/dsc_0183_overview_grid.jpg|179x120
rimg1509.jpg|2736x3648
cache/rimg1509_overview_grid.jpg|90x120
rimg1510.jpg|3648x2736
cache/rimg1510_overview_grid.jpg|160x120
rimg1414.jpg|2736x3648
cache/rimg1414_overview_grid.jpg|90x120
dsc_0195.jpg|2736x3648
cache/dsc_0195_overview_grid.jpg|90x120
rimg1414.jpg|2736x3648
cache/rimg1414_overview_grid.jpg|90x120
